{"cameraMode":{"drawMode":0,"name":"Shaded","section":"Shading Mode"},"sceneLighting":true,"audioPlay":false,"sceneViewState":{"m_AlwaysRefresh":false,"showFog":true,"showSkybox":true,"showFlares":true,"showImageEffects":true,"showParticleSystems":true,"showVisualEffectGraphs":true,"m_FxEnabled":true},"in2DMode":false,"pivot":{"x":880.0443725585938,"y":672.8385009765625,"z":34.94390869140625},"rotation":{"x":0.13488800823688508,"y":-0.011894742026925087,"z":0.0016193358460441232,"w":0.9907896518707275},"size":449.1410827636719,"orthographic":false}